{
	"class_name" : "PinholeCameraParameters",
	"extrinsic" : 
	[
		0.21533667021554759,
		0.47074969412013251,
		-0.85558450426961463,
		0.0,
		0.95698588712922561,
		-0.27617822456790297,
		0.088902194067470366,
		0.0,
		-0.19444312869312125,
		-0.83792619827782133,
		-0.50997211290786049,
		0.0,
		-0.33625132298238114,
		-0.65809499884194445,
		26.792575803747077,
		1.0
	],
	"intrinsic" : 
	{
		"height" : 1000,
		"intrinsic_matrix" : 
		[
			866.02540378443871,
			0.0,
			0.0,
			0.0,
			866.02540378443871,
			0.0,
			499.5,
			499.5,
			1.0
		],
		"width" : 1000
	},
	"version_major" : 1,
	"version_minor" : 0
}