{
	"class_name" : "PinholeCameraParameters",
	"extrinsic" : 
	[
		0.98485617800818881,
		-0.17189930160842104,
		0.022559670778628207,
		0.0,
		-0.067615310694841571,
		-0.26100844486741398,
		0.96296560762445416,
		0.0,
		-0.15964485083692187,
		-0.94990800702722344,
		-0.268678804126462,
		0.0,
		0.32403243639053003,
		-0.8262150219119988,
		28.228836476623133,
		1.0
	],
	"intrinsic" : 
	{
		"height" : 1000,
		"intrinsic_matrix" : 
		[
			866.02540378443871,
			0.0,
			0.0,
			0.0,
			866.02540378443871,
			0.0,
			499.5,
			499.5,
			1.0
		],
		"width" : 1000
	},
	"version_major" : 1,
	"version_minor" : 0
}